DATE;" Bach Ho
Crude oil (T) ";" Rong
(T) ";" Gau Trang
(T) ";" Tho Trang
(T) ";" Nam Rong
VSP (T) ";" Doi Moi
VRJ (T) ";"Su Tu Den
(bbls)";"Su Tu Vang
(bbls)";"Su Tu Den ĐB
(bbls)";"Su Tu Trang
(bbls)";"Su Tu Nau 
(bbls)";" Rang Dong
(bbls) ";" Phương Dong
(bbls) ";" PM3CAA
(bbls) ";" Block 46CN
(bbls) ";" Ruby
(bbls) ";" Ca Ngu Vang
(bbls) ";" Te Giac Trang
(bbls) ";" Dai Hung
(bbls) ";" Lan Tay
(bbls) ";" RĐ-RĐT
(bbls) ";" Chim Sao
(bbls) "; Hai Su Trang (bbls) ; Thang Long +Đông Đô    (bbls) ; Ca Tam (ton) ; Hai Thach-Mộc Tinh  (bbls) ; Cond. DC (Bể CL) & GPP Ca Mau (T) ; Sao Vang    (bbl) ;" Nhenhexky
(T) "; Thien Ung (ton) 1m3=0.75 ton ;  Algeria(bbls) 
DATE;BH;R;GT;ThT;NR;DM;STD;STV;STD-DB;STT;STN;RangDong;PhuongDong;PM3CAA;46CN;Ruby;CNV;TGT;DH;LT;RD-RDT;CS;HST;TLDD;CT;HT-MT;DC-GPP;SV;Nhenhexky;ThienUng;Algeria
1/1/2025;3505,000000;1001,000000;88,000000;153,000000;80,000000;80,000000;8170,000000;813,000000;2527,000000;13115,000000;3642,000000;8687,000000;413,000000;9801,000000;375,000000;7129,000000;2457,000000;10929,000000;8461,000000;81,767400;741,000000;9053,000000;3931,000000;3301,000000;398,000000;4156,000000;165,000000;8408,000000;4010,000000;27,870000;6811,000000
1/2/2025;5799,000000;1403,000000;129,000000;234,000000;114,000000;130,000000;8223,000000;669,000000;2094,000000;12781,000000;3564,000000;8638,000000;364,000000;9851,000000;343,000000;7434,000000;2547,000000;10808,000000;8233,000000;50,318400;769,000000;9040,000000;4037,000000;2942,000000;398,000000;2867,000000;165,000000;7522,000000;4010,000000;41,085000;7208,000000
1/3/2025;5793,000000;1446,000000;127,000000;228,000000;116,000000;130,000000;7713,202000;637,553000;1963,958000;12395,000000;3608,268783;8638,000000;364,000000;8954,000000;338,000000;7429,000000;2799,000000;10989,000000;8008,000000;106,926600;831,000000;8993,000000;3692,000000;2942,000000;398,000000;3161,000000;165,000000;9579,000000;4010,000000;39,877500;6841,000000
1/4/2025;5833,000000;1456,000000;128,000000;230,000000;123,000000;130,000000;7813,491000;419,476000;1099,573000;12988,000000;3530,313360;8545,000000;334,000000;8842,000000;349,000000;7458,000000;2847,000000;11031,000000;8016,000000;106,926600;829,000000;8985,000000;3985,000000;2942,000000;398,000000;3077,000000;165,000000;9609,000000;4010,000000;40,462500;6992,000000
1/5/2025;5749,000000;1439,000000;124,000000;215,000000;117,000000;130,000000;7747,907000;489,684000;1331,017000;12503,000000;3689,609979;8485,000000;318,000000;9424,000000;352,000000;7480,000000;2889,000000;10882,000000;7852,000000;81,767400;809,000000;8957,000000;3826,000000;2945,000000;398,000000;3527,000000;165,000000;9552,000000;4010,000000;40,312500;6745,000000
1/6/2025;5743,000000;1419,000000;128,000000;226,000000;111,000000;130,000000;7660,304000;469,474000;1191,646000;12496,000000;3593,000000;8497,000000;319,000000;9646,000000;349,000000;7486,000000;2943,000000;10332,000000;7856,000000;81,767400;811,000000;8961,000000;4082,000000;2944,000000;398,000000;3971,000000;165,000000;8703,000000;4010,000000;39,952500;6782,000000
1/7/2025;5600,000000;1433,000000;128,000000;223,000000;116,000000;130,000000;7947,383000;577,682000;1591,114000;6708,000000;3646,438685;8516,000000;320,000000;9820,000000;425,000000;7486,000000;3021,000000;10836,000000;8000,000000;106,926600;833,000000;8938,000000;3758,000000;2944,000000;398,000000;3978,000000;165,000000;8626,000000;4010,000000;40,350000;6730,000000
1/8/2025;5744,000000;1366,000000;132,000000;237,000000;119,000000;130,000000;7947,383000;577,682000;1591,114000;5694,000000;3646,438685;8536,000000;319,000000;9539,000000;412,000000;7486,000000;3021,000000;10836,000000;8000,000000;106,926600;831,000000;8897,000000;3758,000000;2870,000000;398,000000;5790,000000;165,000000;8676,000000;4010,000000;39,322500;6877,000000
1/9/2025;5699,000000;1361,000000;128,000000;225,000000;110,000000;130,000000;7947,383000;577,682000;1591,114000;6450,000000;3646,438685;8559,000000;248,000000;7215,000000;417,000000;7487,000000;3155,000000;10724,000000;8144,000000;106,926600;850,000000;8999,000000;3879,000000;2944,000000;398,000000;4443,000000;165,000000;8710,000000;4010,000000;40,417500;6707,000000
1/10/2025;5817,000000;1444,000000;130,000000;232,000000;115,000000;130,000000;8140,694000;445,734000;1307,529000;6980,000000;3627,169326;8636,000000;191,000000;9640,000000;378,000000;7506,000000;3009,000000;10803,000000;7767,000000;106,926600;833,000000;8885,000000;3853,000000;2992,000000;398,000000;5122,000000;165,000000;8917,000000;4010,000000;39,060000;6585,000000
1/11/2025;5731,000000;1380,000000;127,000000;220,000000;109,000000;130,000000;8142,836000;514,679000;1414,914000;6928,000000;3554,889675;8691,000000;188,000000;10002,000000;393,000000;7525,000000;2883,000000;10657,000000;0,000000;75,477600;814,000000;8886,000000;3998,000000;2989,000000;398,000000;3742,000000;165,000000;8840,000000;4010,000000;26,010000;6837,000000
1/12/2025;5780,000000;1435,000000;130,000000;239,000000;115,000000;130,000000;8257,510000;497,211000;1344,156000;5188,000000;3558,000000;8746,000000;176,000000;9999,000000;397,000000;7556,000000;2907,000000;9717,000000;0,000000;75,477600;814,000000;8935,000000;4008,000000;2990,000000;398,000000;4106,000000;165,000000;8871,000000;4010,000000;26,925000;6777,000000
1/13/2025;5749,000000;1407,000000;126,000000;231,000000;110,000000;130,000000;8410,000000;461,000000;1328,000000;7034,000000;3543,000000;8725,000000;180,000000;10029,000000;394,000000;8123,000000;2865,000000;9786,000000;0,000000;75,477600;835,000000;9096,000000;4179,000000;2778,000000;398,000000;4664,000000;165,000000;8856,000000;4010,000000;26,415000;6786,000000
1/14/2025;5708,000000;1370,000000;128,000000;240,000000;110,000000;130,000000;8270,000000;406,000000;1157,000000;7336,000000;3580,000000;8850,000000;58,000000;9677,000000;394,000000;8009,000000;2799,000000;10188,000000;1862,000000;75,477600;850,000000;7728,000000;3895,000000;2991,000000;398,000000;4665,000000;165,000000;8963,000000;4010,000000;27,210000;6795,000000
1/15/2025;5759,000000;1385,000000;128,000000;235,000000;110,000000;130,000000;8261,269000;377,138000;1057,536000;7348,000000;3551,750854;8595,000000;814,000000;9403,000000;391,000000;7868,000000;2811,000000;10652,000000;8223,000000;106,926600;832,000000;8114,000000;3670,000000;2987,000000;398,000000;4666,000000;165,000000;8640,000000;4010,000000;26,437500;6712,000000
1/16/2025;5699,000000;1397,000000;129,000000;242,000000;111,000000;130,000000;8404,000000;421,000000;1157,000000;7354,000000;3583,000000;8380,000000;658,000000;9519,000000;397,000000;7872,000000;2949,000000;10441,000000;8565,000000;106,926600;792,000000;8560,000000;4072,000000;3405,000000;398,000000;4466,000000;165,000000;8541,000000;4010,000000;26,370000;6772,000000
1/17/2025;5776,000000;1468,000000;128,000000;232,000000;110,000000;130,000000;8511,490000;404,615000;1067,314000;10142,000000;3663,129150;8393,000000;620,000000;9275,000000;394,000000;7829,000000;2649,000000;10451,000000;6130,000000;106,926600;793,000000;8688,000000;3478,000000;3576,000000;398,000000;3779,000000;165,000000;8416,000000;4010,000000;25,417500;6808,000000
1/18/2025;5873,000000;1492,000000;132,000000;248,000000;110,000000;130,000000;8875,043000;410,973000;1093,857000;11816,000000;3603,343136;8364,000000;537,000000;9981,000000;400,000000;7875,000000;2973,000000;10410,000000;0,000000;106,926600;789,000000;8560,000000;3712,000000;3519,000000;398,000000;3471,000000;165,000000;8593,000000;4010,000000;25,935000;6719,000000
1/19/2025;5867,000000;1494,000000;133,000000;235,000000;108,000000;130,000000;8892,504000;519,063000;1273,936000;11584,000000;3813,165029;8414,000000;494,000000;9546,000000;400,000000;7879,000000;2925,000000;10342,000000;498,000000;106,926600;787,000000;8549,000000;3712,000000;3615,000000;398,000000;3468,000000;165,000000;8588,000000;4010,000000;27,150000;6614,000000
1/20/2025;5877,000000;1453,000000;130,000000;231,000000;112,000000;130,000000;9237,000000;731,000000;1787,000000;11471,000000;3776,000000;8404,000000;434,000000;9311,000000;395,000000;7638,000000;2853,000000;10476,000000;8439,000000;106,926600;809,000000;8397,000000;3989,000000;3618,000000;398,000000;3270,000000;165,000000;8530,000000;4010,000000;27,142500;6651,000000
1/21/2025;5746,000000;1464,000000;129,000000;224,000000;105,000000;130,000000;8993,000000;725,000000;1742,000000;11467,000000;3667,000000;8503,000000;398,000000;9123,000000;394,000000;7518,000000;3166,000000;10548,000000;8446,000000;106,926600;785,000000;8521,000000;3691,000000;3626,000000;398,000000;3773,000000;165,000000;8603,000000;4010,000000;22,620000;5686,000000
1/22/2025;5889,000000;1408,000000;127,000000;237,000000;104,000000;104,000000;10357,702000;617,053000;1542,354000;11961,000000;3608,192118;8713,000000;398,000000;9123,000000;392,000000;7578,000000;3051,000000;10500,000000;8021,000000;106,926600;765,000000;8519,000000;4005,000000;3629,000000;398,000000;3345,000000;165,000000;7162,000000;4010,000000;29,932500;6101,000000
1/23/2025;5564,000000;1409,000000;122,000000;229,000000;99,000000;99,000000;8718,943000;682,894000;1694,357000;12355,000000;3637,312700;7906,000000;398,000000;9123,000000;392,000000;7856,000000;3279,000000;10530,000000;8203,000000;106,926600;827,000000;8431,000000;3494,000000;3625,000000;398,000000;2477,000000;165,000000;1474,000000;4010,000000;29,932500;5791,000000
1/24/2025;5720,000000;1406,000000;127,000000;253,000000;116,000000;116,000000;8736,000000;741,000000;1802,000000;12361,000000;3653,000000;8614,000000;497,000000;9357,000000;359,000000;7856,000000;3075,000000;10473,000000;8034,000000;106,926600;812,000000;8483,000000;3975,000000;3626,000000;398,000000;2301,000000;165,000000;1580,000000;4010,000000;29,932500;6231,000000
1/25/2025;5724,000000;1449,000000;131,000000;223,000000;109,000000;109,000000;8679,000000;739,000000;1787,000000;12373,000000;3620,000000;8641,000000;362,000000;9264,000000;389,000000;7856,000000;3069,000000;10471,000000;8217,000000;106,926600;830,000000;8479,000000;3782,000000;3627,000000;398,000000;2479,000000;165,000000;1582,000000;4010,000000;29,932500;6371,000000
1/26/2025;5762,000000;1427,000000;128,000000;225,000000;113,000000;113,000000;8688,000000;818,000000;1813,000000;12307,000000;3567,000000;8396,000000;410,000000;9125,000000;365,000000;7856,000000;3015,000000;10367,000000;8215,000000;18,869400;791,000000;8469,000000;3940,000000;3628,000000;398,000000;3176,000000;165,000000;1533,000000;4010,000000;29,932500;6290,000000
1/27/2025;5716,000000;1427,000000;126,000000;213,000000;111,000000;111,000000;8749,000000;812,000000;1821,000000;12210,000000;3579,000000;8536,000000;364,000000;6184,000000;332,000000;7856,000000;2991,000000;10425,000000;8362,000000;18,869400;774,000000;8495,000000;3782,000000;3629,000000;398,000000;3145,000000;165,000000;2448,000000;4010,000000;29,932500;6744,000000
1/28/2025;5783,000000;1392,000000;127,000000;215,000000;118,000000;118,000000;8790,000000;807,000000;1830,000000;12171,000000;3615,000000;8590,000000;212,000000;5734,000000;338,000000;7856,000000;3051,000000;10273,000000;8308,000000;18,869400;758,000000;8463,000000;3945,000000;3630,000000;398,000000;4000,000000;165,000000;4125,000000;4010,000000;29,932500;6719,000000
1/29/2025;5822,000000;1422,000000;127,000000;203,000000;111,000000;111,000000;8763,000000;791,000000;1792,000000;12155,000000;3584,000000;8640,000000;168,000000;5453,000000;325,000000;7856,000000;3027,000000;10363,000000;8458,000000;75,477600;813,000000;8441,000000;3805,000000;3631,000000;398,000000;3128,000000;165,000000;0,000000;4010,000000;30,000000;6697,000000
1/30/2025;5888,000000;1364,000000;125,000000;216,000000;111,000000;111,000000;8747,000000;790,000000;1777,000000;12156,000000;3594,000000;8439,000000;166,000000;6593,000000;384,000000;7856,000000;2973,000000;10290,000000;8358,000000;100,636800;807,000000;8450,000000;4126,000000;3639,000000;398,000000;2996,000000;165,000000;478,000000;4010,000000;41,000000;6777,000000
1/31/2025;5849,000000;1376,000000;127,000000;206,000000;112,000000;112,000000;8572,000000;826,000000;1850,000000;12186,000000;3604,000000;8310,000000;696,000000;6127,000000;399,000000;7856,000000;3087,000000;10356,000000;8191,000000;38,682270;773,000000;8486,000000;3645,000000;3328,000000;398,000000;3231,000000;165,000000;2069,000000;4010,000000;29,932500;6564,000000
2/1/2025;5876,000000;1387,000000;123,000000;228,000000;117,000000;130,000000;8546,000000;814,000000;1829,000000;11903,000000;3573,000000;8795,000000;293,000000;6618,000000;396,000000;7886,000000;2991,000000;10272,000000;8343,000000;106,926600;819,000000;8343,000000;4147,000000;2932,000000;409,000000;3195,000000;155,000000;2124,000000;3,000000;48,000000;6343,000000
2/2/2025;5900,000000;1430,000000;126,000000;214,000000;113,000000;130,000000;8536,000000;828,000000;1811,000000;11714,000000;3648,000000;8907,000000;502,000000;8234,000000;367,000000;7838,000000;2943,000000;10335,000000;8358,000000;62,898000;785,000000;8358,000000;3606,000000;2940,000000;409,000000;4000,000000;155,000000;1582,000000;4030,250000;41,250000;6704,000000
2/3/2025;5991,000000;1373,000000;125,000000;225,000000;115,000000;130,000000;8443,000000;845,000000;1835,000000;11621,000000;3664,000000;8791,000000;524,000000;7440,000000;370,000000;7756,000000;2979,000000;10356,000000;8391,000000;62,898000;783,000000;8336,000000;3912,000000;2945,000000;423,636364;4000,000000;155,000000;1636,000000;4032,700000;42,000000;6088,000000
2/4/2025;5952,000000;1403,000000;125,000000;222,000000;112,000000;130,000000;8528,074000;889,913000;1933,551000;11554,000000;3763,976218;8644,000000;472,000000;7493,000000;366,000000;7783,000000;3003,000000;10286,000000;8115,000000;62,898000;794,000000;8305,000000;3808,000000;2940,000000;421,818182;4000,000000;155,000000;2689,000000;4030,740000;40,500000;7040,000000
2/5/2025;5931,000000;1400,000000;124,000000;224,000000;113,000000;130,000000;8508,861000;883,133000;1891,895000;11540,000000;3697,729019;8633,000000;393,000000;9234,000000;387,000000;7736,000000;2998,000000;10293,000000;8147,000000;88,057200;808,000000;8317,000000;3492,000000;2947,000000;423,636364;4000,000000;155,000000;2979,000000;4031,720000;36,750000;6957,000000
2/6/2025;5951,000000;1433,000000;123,000000;217,000000;110,000000;130,000000;8547,103000;806,847000;1624,186000;12082,000000;3887,413749;8854,000000;398,000000;8711,000000;374,000000;7752,000000;2961,000000;10176,000000;8130,000000;44,028600;777,000000;8190,000000;4043,000000;2947,000000;392,727273;4000,000000;155,000000;3001,000000;4030,250000;40,500000;6734,000000
2/7/2025;5978,000000;1418,000000;125,000000;226,000000;110,000000;130,000000;8527,837000;728,249000;1431,953000;12824,000000;4067,667245;8556,000000;398,000000;9198,000000;331,000000;7782,000000;2973,000000;10274,000000;8331,000000;88,057200;814,000000;8277,000000;3704,000000;2947,000000;432,727273;3034,000000;155,000000;2685,000000;4031,720000;40,500000;6927,000000
2/8/2025;5937,000000;1434,000000;127,000000;221,000000;111,000000;130,000000;8050,302000;854,493000;1594,735000;12306,000000;4202,988284;8476,000000;324,000000;9257,000000;372,000000;7791,000000;2660,000000;10274,000000;8286,000000;88,057200;816,000000;8222,000000;3801,000000;2956,000000;318,181818;3060,000000;155,000000;1535,000000;4030,250000;42,000000;6719,000000
2/9/2025;5933,000000;1442,000000;124,000000;236,000000;115,000000;130,000000;8951,145000;919,742000;1834,079000;12660,000000;4256,851692;8646,000000;292,000000;8991,000000;372,000000;7788,000000;2618,000000;10320,000000;8203,000000;88,057200;813,000000;8263,000000;3868,000000;2962,000000;405,454545;3202,000000;155,000000;1525,000000;4031,720000;42,000000;6691,000000
2/10/2025;5970,000000;1441,000000;128,000000;216,000000;109,000000;130,000000;8549,186000;898,529000;1798,977000;12295,000000;4041,515618;8511,000000;292,000000;9302,000000;370,000000;7739,000000;2558,000000;10240,000000;8271,000000;125,796000;850,000000;8306,000000;3716,000000;2953,000000;456,363636;3220,000000;155,000000;3648,000000;4029,760000;42,000000;6707,000000
2/11/2025;5894,000000;1404,000000;124,000000;228,000000;109,000000;130,000000;8654,066000;839,853000;1737,654000;12235,000000;4065,082724;8569,000000;237,000000;9880,000000;368,000000;7707,000000;2727,000000;10304,000000;8066,000000;62,898000;795,000000;8251,000000;3837,000000;2957,000000;458,181818;3992,000000;155,000000;8251,000000;3966,550000;42,000000;6691,000000
2/12/2025;5872,000000;1407,000000;127,000000;221,000000;110,000000;130,000000;8599,116000;864,833000;1841,503000;12164,000000;4048,280862;8478,000000;237,000000;9359,000000;379,000000;7715,000000;2589,000000;10333,000000;8114,000000;62,898000;795,000000;8209,000000;3821,000000;2957,000000;458,181818;4506,000000;155,000000;8343,000000;3967,040000;42,000000;6701,000000
2/13/2025;5888,000000;1438,000000;120,000000;226,000000;114,000000;130,000000;8433,975000;916,112000;1931,396000;12159,000000;4018,058994;8513,000000;237,000000;9514,000000;358,000000;7705,000000;2703,000000;10246,000000;8091,000000;119,506200;842,000000;8227,000000;3830,000000;2965,000000;420,000000;4650,000000;155,000000;9084,000000;3967,040000;42,000000;6739,000000
2/14/2025;5902,000000;1441,000000;123,000000;219,000000;108,000000;130,000000;8582,746000;968,954000;1995,680000;12122,000000;3862,062810;8609,000000;515,000000;9244,000000;366,000000;7685,000000;2769,000000;10242,000000;7946,000000;125,796000;849,000000;8185,000000;3788,000000;2965,000000;430,909091;4525,000000;155,000000;9970,000000;3966,550000;41,250000;6644,000000
2/15/2025;5842,000000;1406,000000;125,000000;222,000000;110,000000;130,000000;8577,174000;1030,749000;2103,022000;11785,000000;3972,490234;8729,000000;471,000000;9448,000000;357,000000;7645,000000;2865,000000;10248,000000;7970,000000;119,506200;832,000000;8169,000000;3822,000000;2965,000000;432,727273;4556,000000;155,000000;9617,000000;4030,250000;40,500000;6654,000000
2/16/2025;5830,000000;1453,000000;128,000000;216,000000;114,000000;114,000000;8598,153000;1046,973000;2230,466000;10680,000000;4103,841607;8910,000000;403,000000;9397,000000;357,000000;7659,000000;2721,000000;10201,000000;7913,000000;25,159200;661,000000;8180,000000;3737,000000;3163,000000;432,727273;3135,000000;155,000000;9005,000000;4029,270000;42,000000;6724,000000
2/17/2025;5866,000000;1422,000000;126,000000;237,000000;106,000000;106,000000;8664,807000;810,264000;1733,414000;12445,000000;3927,258875;8641,000000;404,000000;9549,000000;359,000000;7215,000000;2830,000000;10227,000000;8046,000000;113,216400;780,000000;8150,000000;3850,000000;3645,000000;434,545455;3606,000000;155,000000;9132,000000;4030,740000;42,000000;6735,000000
2/18/2025;5823,000000;1500,000000;127,000000;228,000000;109,000000;109,000000;8681,587000;715,935000;1665,036000;12447,000000;3883,776095;8631,000000;389,000000;9745,000000;359,000000;6892,000000;2769,000000;10099,000000;8017,000000;88,057200;785,000000;8180,000000;3700,000000;3645,000000;429,090909;3033,000000;155,000000;9145,000000;4032,700000;42,000000;6654,000000
2/19/2025;5812,000000;1485,000000;126,000000;233,000000;107,000000;107,000000;9852,000000;744,000000;1730,000000;12661,000000;3804,000000;8761,000000;324,000000;9519,000000;384,000000;7357,000000;2872,000000;10434,000000;7913,000000;88,057200;828,000000;8205,000000;4017,000000;3629,000000;429,090909;3444,000000;155,000000;9223,000000;4030,740000;42,000000;6980,000000
2/20/2025;5684,000000;1500,000000;128,000000;224,000000;101,000000;101,000000;9852,000000;744,000000;1730,000000;12661,000000;3804,000000;8853,000000;317,000000;9519,000000;384,000000;7424,000000;2877,000000;10113,000000;8046,000000;106,926600;817,000000;8205,000000;3551,000000;3629,000000;409,090909;4646,000000;155,000000;9106,000000;4030,740000;42,000000;6879,000000
2/21/2025;5877,000000;1434,000000;120,000000;238,000000;102,000000;102,000000;8701,000000;748,000000;1752,000000;12590,000000;3688,000000;8963,000000;289,000000;8826,000000;414,000000;7561,000000;2853,000000;9117,000000;8027,000000;106,926600;833,000000;8128,000000;4057,000000;3637,000000;412,727273;4393,000000;155,000000;8887,000000;4033,190000;42,000000;7099,000000
2/22/2025;5884,000000;1513,000000;126,000000;227,000000;103,000000;103,000000;8634,000000;847,000000;1861,000000;12591,000000;3645,000000;8869,000000;338,000000;9640,000000;411,000000;7587,000000;2763,000000;9073,000000;8001,000000;44,028600;149,000000;8147,000000;3923,000000;3635,000000;369,090909;3860,000000;155,000000;9059,000000;4029,760000;42,000000;7395,000000
2/23/2025;5761,000000;1471,000000;119,000000;237,000000;111,000000;111,000000;8575,000000;834,000000;1834,000000;12562,000000;3792,000000;8780,000000;325,000000;9350,000000;411,000000;7656,000000;2733,000000;9061,000000;8035,000000;44,028600;579,000000;8100,000000;4041,000000;3638,000000;463,636364;3194,000000;155,000000;8935,000000;4019,470000;42,000000;7488,000000
2/24/2025;5857,000000;1419,000000;125,000000;233,000000;112,000000;112,000000;8407,828000;780,868000;1713,906000;12540,000000;3760,619426;8783,000000;321,000000;7746,000000;0,000000;7656,000000;2781,000000;9090,000000;8008,000000;106,926600;692,000000;8219,000000;3910,000000;3640,000000;338,181818;3653,000000;155,000000;8862,000000;3979,780000;41,250000;7106,000000
2/25/2025;5798,000000;1455,000000;119,000000;234,000000;104,000000;104,000000;7607,025000;751,927000;1533,772000;11396,000000;3599,807300;8644,000000;361,000000;8300,000000;0,000000;7779,000000;2589,000000;13617,000000;8024,000000;106,926600;700,000000;8161,000000;4021,000000;3645,000000;438,181818;3791,000000;155,000000;8985,000000;4031,230000;41,250000;7198,000000
2/26/2025;5823,000000;1500,000000;127,000000;228,000000;109,000000;109,000000;6391,719000;899,952000;1370,073000;11462,000000;1631,168918;8530,000000;372,000000;8047,000000;0,000000;7715,000000;2733,000000;9816,000000;8169,000000;106,926600;700,000000;8275,000000;3605,000000;3645,000000;438,181818;4089,000000;155,000000;8868,000000;4030,740000;41,250000;6937,000000
2/27/2025;5902,000000;1485,000000;126,000000;233,000000;107,000000;107,000000;8703,270000;667,919000;1565,951000;12417,000000;3670,191322;8334,000000;372,000000;8188,000000;0,000000;7708,000000;2655,000000;9229,000000;8118,000000;106,926600;700,000000;8187,000000;4089,000000;3655,000000;438,181818;4457,000000;155,000000;8620,000000;4028,780000;41,250000;7141,000000
2/28/2025;5860,000000;1461,000000;126,000000;224,000000;106,000000;106,000000;8480,331000;751,944000;1652,871000;12198,000000;3791,711603;8356,000000;382,000000;8188,000000;0,000000;7658,000000;2665,000000;9862,000000;8130,000000;106,926600;700,000000;8184,000000;3474,000000;3655,000000;405,454545;4424,000000;155,000000;8635,000000;4030,250000;41,250000;7089,000000
3/1/2025;5846,000000;1474,000000;127,000000;237,000000;106,000000;115,000000;8216,331000;663,817000;1480,327000;12105,000000;3750,529175;8372,000000;393,000000;8464,000000;167,000000;7686,000000;2751,000000;9985,000000;8152,000000;125,796000;784,000000;8099,000000;3682,000000;3655,000000;398,181818;4342,000000;170,000000;8856,000000;4026,000000;37,200000;7043,000000
3/2/2025;5828,000000;1561,000000;125,000000;225,000000;112,000000;120,000000;8778,094000;734,976000;1668,966000;12266,000000;3663,947572;8381,000000;369,000000;7810,000000;214,000000;7675,000000;2660,000000;9971,000000;8254,000000;94,347000;776,000000;8097,000000;3699,000000;3659,000000;412,727273;4342,000000;170,000000;8932,000000;4026,000000;37,200000;7074,000000
3/3/2025;5762,000000;1520,000000;126,000000;242,000000;113,000000;120,000000;9007,000000;798,000000;1853,000000;12420,000000;3694,000000;8400,000000;406,000000;9255,000000;293,000000;7675,000000;2679,000000;9808,000000;8266,000000;125,796000;808,000000;8015,000000;3684,000000;3395,000000;418,181818;4342,000000;170,000000;8928,000000;4026,000000;37,200000;6996,000000
3/4/2025;5837,000000;1545,000000;129,000000;229,000000;113,000000;120,000000;8880,000000;799,000000;1854,000000;12353,000000;3685,000000;8452,000000;350,000000;8919,000000;355,000000;7656,000000;2534,000000;9894,000000;8261,000000;94,347000;779,000000;8061,000000;3763,000000;2998,000000;421,818182;4342,000000;170,000000;8912,000000;4026,000000;37,200000;6912,000000
3/5/2025;5852,000000;1497,000000;129,000000;253,000000;102,000000;120,000000;9302,644000;995,652000;2322,993000;12369,000000;3778,404684;8492,000000;397,000000;9270,000000;408,000000;7622,000000;2769,000000;9691,000000;8280,000000;125,796000;793,000000;8141,000000;3894,000000;2995,000000;416,363636;4342,000000;170,000000;8994,000000;4026,000000;37,200000;6885,000000
3/6/2025;5951,000000;1433,000000;123,000000;217,000000;110,000000;120,000000;9129,941000;905,937000;1932,055000;12353,000000;3747,647569;8609,000000;397,000000;9267,000000;434,000000;7645,000000;3082,000000;9797,000000;8271,000000;125,796000;791,000000;8101,000000;3489,000000;2991,000000;416,363636;4342,000000;170,000000;8970,000000;4026,000000;37,200000;6484,000000
3/7/2025;5785,000000;1455,000000;125,000000;247,000000;79,000000;120,000000;9142,318000;911,227000;1872,528000;12351,000000;3636,604566;8511,000000;397,000000;9428,000000;396,000000;7354,000000;2445,000000;9610,000000;8306,000000;188,694000;828,000000;7915,000000;3647,000000;2985,000000;416,363636;4342,000000;170,000000;8753,000000;4026,000000;37,200000;6722,000000
3/8/2025;5932,000000;1491,000000;127,000000;237,000000;84,000000;120,000000;8934,031000;926,000000;1905,000000;12292,000000;3591,375934;8211,000000;397,000000;9386,000000;433,000000;7579,000000;2745,000000;9691,000000;8268,000000;150,955200;818,000000;7924,000000;3738,000000;2981,000000;416,363636;4342,000000;170,000000;8932,000000;4026,000000;37,200000;6739,000000
3/9/2025;6027,000000;1462,000000;126,000000;243,000000;86,000000;120,000000;8926,582000;924,166000;1901,946000;12410,000000;3611,671487;8105,000000;397,000000;9424,000000;428,000000;7609,000000;2222,000000;9672,000000;8373,000000;100,636800;786,000000;8038,000000;3558,000000;2976,000000;416,363636;3363,000000;170,000000;8982,000000;4026,000000;37,200000;6706,000000
3/10/2025;5938,000000;1539,000000;128,000000;236,000000;116,000000;120,000000;8916,000000;932,000000;1922,000000;12340,000000;3584,000000;8601,000000;382,000000;9202,000000;424,000000;7618,000000;2313,000000;9778,000000;8355,000000;163,534800;829,000000;8006,000000;3750,000000;2965,000000;432,727273;3104,000000;170,000000;8956,000000;4026,000000;37,200000;6650,000000
3/11/2025;5800,000000;1446,000000;127,000000;240,000000;123,000000;120,000000;9181,781000;1001,928000;2066,126000;12302,000000;3585,719372;8238,000000;363,000000;9162,000000;414,000000;7629,000000;2511,000000;9609,000000;8413,000000;163,534800;840,000000;7980,000000;3640,000000;2951,000000;421,818182;3866,000000;170,000000;8952,000000;4026,000000;37,200000;6950,000000
3/12/2025;5788,000000;1455,000000;126,000000;229,000000;111,000000;120,000000;9008,670000;1025,822000;2240,632000;12343,000000;3664,512271;7981,000000;330,000000;9196,000000;414,000000;7666,000000;2012,000000;9757,000000;8266,000000;188,694000;842,000000;8051,000000;3945,000000;2936,000000;420,000000;4858,000000;170,000000;8830,000000;4026,000000;37,200000;6931,000000
3/13/2025;5814,000000;1442,000000;125,000000;237,000000;114,000000;120,000000;8838,951000;862,517000;2091,309000;12319,000000;3573,484538;8177,000000;383,000000;9199,000000;402,000000;7652,000000;2853,000000;9752,000000;8235,000000;188,694000;842,000000;8043,000000;3627,000000;2976,000000;405,454545;4775,000000;170,000000;8878,000000;4026,000000;37,200000;6771,000000
3/14/2025;5718,000000;1451,000000;125,000000;233,000000;108,000000;120,000000;9061,275000;949,742000;2336,559000;12282,000000;3617,952243;8220,000000;362,000000;9241,000000;427,000000;7704,000000;2823,000000;10140,000000;8145,000000;188,694000;876,000000;7940,000000;3818,000000;2976,000000;410,909091;4522,000000;170,000000;8865,000000;4026,000000;37,200000;6742,000000
3/15/2025;5787,000000;1406,000000;126,000000;245,000000;116,000000;120,000000;9160,933000;924,413000;2271,003000;12247,000000;3611,158828;8402,000000;402,000000;9209,000000;424,000000;7689,000000;2589,000000;10133,000000;8340,000000;188,694000;883,000000;7936,000000;3399,000000;2976,000000;416,363636;4515,000000;170,000000;8825,000000;4026,000000;37,200000;6701,000000
3/16/2025;5850,000000;1437,000000;126,000000;241,000000;112,000000;120,000000;8898,081000;900,108000;2188,507000;12183,000000;3634,811682;8554,000000;348,000000;9267,000000;425,000000;7209,000000;2499,000000;10651,000000;8312,000000;62,898000;844,000000;7947,000000;4076,000000;2936,000000;420,000000;4530,000000;170,000000;6755,000000;4026,000000;37,200000;6719,000000
3/17/2025;5805,000000;1450,000000;115,000000;252,000000;117,000000;120,000000;8760,000000;851,000000;2124,000000;12166,000000;3622,000000;8553,000000;349,000000;9471,000000;425,000000;7281,000000;2534,000000;10633,000000;8277,000000;163,534800;895,000000;7937,000000;3452,000000;2941,000000;416,363636;4535,000000;170,000000;8960,000000;4026,000000;37,200000;6757,000000
3/18/2025;5915,000000;1482,000000;126,000000;240,000000;110,000000;120,000000;9130,312000;865,985000;2190,488000;12196,000000;3612,651290;8362,000000;356,000000;9125,000000;430,000000;7235,000000;2618,000000;10521,000000;8518,000000;182,404200;914,000000;7913,000000;3981,000000;2950,000000;560,000000;4369,000000;170,000000;8854,000000;4026,000000;37,200000;6737,000000
3/19/2025;5970,000000;1488,000000;127,000000;248,000000;113,000000;120,000000;8914,810000;884,013000;2190,171000;12185,000000;3594,476518;8284,000000;420,000000;9067,000000;416,000000;7326,000000;2558,000000;10424,000000;8239,000000;188,694000;923,000000;7914,000000;3219,000000;2955,000000;561,818182;4498,000000;170,000000;8864,000000;4026,000000;37,200000;6731,000000
3/20/2025;5901,000000;1451,000000;125,000000;234,000000;112,000000;120,000000;9202,252000;1036,768000;2247,217000;12206,000000;3567,562180;8361,000000;341,000000;9085,000000;368,000000;7381,000000;2492,000000;10593,000000;8271,000000;113,216400;918,000000;7869,000000;3615,000000;3186,000000;643,636364;4377,000000;170,000000;8935,000000;4026,000000;37,200000;6735,000000
3/21/2025;5935,000000;1444,000000;117,000000;242,000000;119,000000;120,000000;9011,827000;1040,543000;2335,427000;12196,000000;3572,439010;8379,000000;341,000000;7711,000000;0,000000;7479,000000;2872,000000;10669,000000;8208,000000;163,534800;918,000000;7875,000000;3625,000000;3619,000000;443,636364;4092,000000;170,000000;8878,000000;4026,000000;37,200000;6809,000000
3/22/2025;5825,000000;1466,000000;126,000000;227,000000;109,000000;120,000000;9000,457000;1045,718000;2420,326000;12169,000000;3575,502379;8384,000000;341,000000;7925,000000;0,000000;6969,000000;2835,000000;10653,000000;8193,000000;88,057200;901,000000;7845,000000;3656,000000;3610,000000;503,636364;3837,000000;170,000000;8927,000000;4026,000000;37,200000;6760,000000
3/23/2025;5928,000000;1477,000000;128,000000;234,000000;119,000000;120,000000;9449,834000;1067,939000;2491,640000;12140,000000;3596,042417;8383,000000;347,000000;7811,000000;0,000000;6679,000000;3040,000000;10509,000000;8258,000000;125,796000;904,000000;7840,000000;3650,000000;3612,000000;505,454545;3660,000000;170,000000;8911,000000;4026,000000;37,200000;6744,000000
3/24/2025;5807,000000;1452,000000;124,000000;231,000000;110,000000;120,000000;11249,241000;1042,312000;2433,828000;12066,000000;3565,002398;8340,000000;385,000000;8766,000000;322,000000;6580,000000;3153,000000;10424,000000;8257,000000;125,796000;895,000000;7837,000000;3693,000000;3609,000000;492,727273;3484,000000;170,000000;8917,000000;4026,000000;37,200000;6818,000000
3/25/2025;5899,000000;1388,000000;130,000000;241,000000;114,000000;120,000000;9531,000000;1032,000000;2493,000000;11923,000000;3566,000000;8359,000000;376,000000;9194,000000;375,000000;6378,000000;3244,000000;10523,000000;8141,000000;163,534800;907,000000;7867,000000;3486,000000;3605,000000;507,272727;3485,000000;170,000000;8917,000000;4026,000000;37,200000;6811,000000
3/26/2025;5846,000000;1434,000000;126,000000;234,000000;114,000000;120,000000;9429,000000;1040,000000;2494,000000;12068,000000;3564,000000;8419,000000;397,000000;9147,000000;403,000000;6575,000000;3213,000000;5735,000000;7995,000000;88,057200;866,000000;7784,000000;2139,000000;3611,000000;498,181818;3486,000000;170,000000;9109,000000;4026,000000;37,200000;6793,000000
3/27/2025;5958,000000;1436,000000;128,000000;244,000000;111,000000;120,000000;9429,000000;1040,000000;2494,000000;12068,000000;3564,000000;8419,000000;397,000000;9469,000000;440,000000;6679,000000;3226,000000;9419,000000;7976,000000;106,926600;852,000000;7622,000000;3602,000000;3194,000000;501,818182;4409,000000;170,000000;8474,000000;4026,000000;37,200000;6791,000000
3/28/2025;5938,000000;1477,000000;128,000000;234,000000;119,000000;120,000000;9429,000000;1040,000000;2494,000000;12068,000000;3564,000000;8692,000000;338,000000;9350,000000;419,000000;6685,000000;2615,000000;9809,000000;1344,000000;106,926600;852,000000;7586,000000;3790,000000;3591,000000;494,545455;4396,000000;170,000000;8958,000000;4038,580000;37,200000;6827,000000
3/29/2025;5928,000000;1477,000000;128,000000;234,000000;119,000000;120,000000;8914,004000;971,466000;2492,540000;12152,000000;3535,448380;8884,000000;366,000000;9333,000000;454,000000;7262,000000;3316,000000;10003,000000;0,000000;106,926600;852,000000;7714,000000;3428,000000;3570,000000;474,545455;3576,000000;170,000000;4694,000000;4042,500000;37,200000;6819,000000
3/30/2025;5929,000000;1477,000000;128,000000;234,000000;119,000000;120,000000;8948,924000;939,178000;2474,460000;12177,000000;3539,332196;8862,000000;396,000000;9212,000000;409,000000;6570,000000;2835,000000;10159,000000;0,000000;113,216400;852,000000;7691,000000;3514,000000;3551,000000;494,545455;3509,000000;170,000000;2255,000000;4058,670000;37,200000;6819,000000
3/31/2025;5844,000000;1477,000000;128,000000;234,000000;119,000000;120,000000;8926,888000;884,614000;2330,763000;12056,000000;3525,367284;8524,000000;371,000000;8884,000000;409,000000;6570,000000;2211,000000;10225,000000;0,000000;176,114400;852,000000;7691,000000;3535,000000;3529,000000;498,181818;3625,000000;170,000000;4669,000000;4060,140000;37,200000;6819,000000
4/1/2025;5715,000000;1635,000000;134,000000;198,000000;104,000000;125,000000;8634,000000;889,000000;2382,000000;12011,000000;3548,000000;8638,000000;365,000000;8738,000000;418,000000;7330,000000;2511,000000;10196,000000;0,000000;176,114400;868,000000;7824,000000;3663,000000;3510,000000;509,090909;3854,000000;160,000000;8532,000000;4060,630000;25,000000;6922,528400
4/2/2025;5788,000000;1635,000000;134,000000;198,000000;104,000000;125,000000;9257,746000;984,559000;2399,000000;11942,000000;3538,799568;8688,000000;357,000000;8893,000000;403,000000;7206,000000;2505,000000;10383,000000;0,000000;176,114400;899,000000;7671,000000;3484,000000;3505,000000;487,272727;3543,000000;160,000000;8627,000000;4060,630000;25,000000;6673,812400
4/3/2025;5673,000000;1635,000000;134,000000;198,000000;104,000000;125,000000;8831,832000;858,343000;2094,201000;12190,000000;3567,960754;8662,000000;358,000000;8916,000000;466,000000;7242,000000;2319,000000;10369,000000;0,000000;176,114400;881,000000;7705,000000;3504,000000;3115,000000;500,000000;4409,000000;160,000000;8665,000000;4060,630000;25,000000;6739,072000
4/4/2025;5803,000000;1635,000000;134,000000;198,000000;104,000000;125,000000;8741,000000;976,000000;2474,000000;12111,000000;3610,000000;8112,000000;388,000000;10132,000000;467,000000;7277,000000;2571,000000;10267,000000;0,000000;182,404200;891,000000;7603,000000;3624,000000;2864,000000;487,272727;4409,000000;160,000000;8443,000000;4060,630000;25,000000;7041,817600
4/5/2025;5774,000000;1635,000000;134,000000;198,000000;104,000000;125,000000;8913,000000;901,000000;2377,000000;12050,000000;3623,000000;8412,000000;355,000000;9197,000000;804,000000;7429,000000;3124,000000;10295,000000;0,000000;176,114400;863,000000;7524,000000;3533,000000;2857,000000;290,909091;4409,000000;160,000000;8661,000000;4060,630000;25,000000;7190,897600
4/6/2025;5651,000000;1635,000000;134,000000;198,000000;104,000000;125,000000;8696,000000;943,000000;2496,000000;12029,000000;3647,000000;7835,000000;337,000000;9454,000000;415,000000;7453,000000;3100,000000;10259,000000;0,000000;176,114400;861,000000;7193,000000;3781,000000;2861,000000;549,090909;4539,000000;160,000000;8654,000000;4060,630000;25,000000;7277,709600
4/7/2025;5722,000000;1635,000000;134,000000;198,000000;104,000000;125,000000;9474,000000;997,000000;2282,000000;12026,000000;3605,000000;8215,000000;355,000000;8990,000000;409,000000;7442,000000;3075,000000;10282,000000;0,000000;213,853200;887,000000;6743,000000;3301,000000;2854,000000;512,727273;3717,000000;160,000000;8710,000000;4060,630000;25,000000;7525,002000
4/8/2025;5787,000000;1635,000000;134,000000;198,000000;104,000000;125,000000;10984,395000;1132,669000;2340,967000;11999,000000;3637,113058;8123,000000;355,000000;8959,000000;417,000000;7402,000000;3058,000000;10164,000000;0,000000;176,114400;876,000000;6081,000000;3520,000000;2858,000000;512,727273;4717,000000;160,000000;8733,000000;4060,630000;25,000000;7612,000000
4/9/2025;5684,000000;1635,000000;134,000000;198,000000;104,000000;125,000000;10280,644000;1074,836000;2300,342000;12016,000000;3611,593388;8277,000000;350,000000;8345,000000;414,000000;7419,000000;3015,000000;10227,000000;0,000000;440,286000;929,000000;6158,000000;3553,000000;2851,000000;512,727273;4550,000000;160,000000;8789,000000;4060,630000;25,000000;7385,000000
4/10/2025;5723,000000;1635,000000;134,000000;198,000000;104,000000;125,000000;10018,092000;1041,440000;2363,369000;12004,000000;3574,631221;8443,000000;366,000000;9151,000000;472,000000;7485,000000;2769,000000;10154,000000;0,000000;245,302200;873,000000;6740,000000;3554,000000;2851,000000;512,727273;4504,000000;160,000000;8796,000000;4060,630000;25,000000;7338,000000
4/11/2025;5693,000000;1635,000000;134,000000;198,000000;104,000000;125,000000;9767,000000;966,000000;2382,000000;12011,000000;3576,000000;8446,000000;371,000000;9180,000000;480,000000;7506,000000;2901,000000;10229,000000;0,000000;150,955200;862,000000;6464,000000;3572,000000;2847,000000;476,363636;4308,000000;160,000000;8761,000000;4060,630000;25,000000;7291,000000
4/12/2025;5722,000000;1635,000000;134,000000;198,000000;104,000000;125,000000;9552,000000;969,000000;2509,000000;12006,000000;3176,000000;7864,000000;348,000000;9210,000000;467,000000;7517,000000;2835,000000;9446,000000;0,000000;62,898000;832,000000;6467,000000;3974,000000;2838,000000;605,454545;4471,000000;160,000000;7305,000000;4060,630000;25,000000;7139,000000
4/13/2025;5918,000000;1635,000000;134,000000;198,000000;104,000000;125,000000;9309,000000;1104,000000;2800,000000;10927,000000;3577,000000;7831,000000;369,000000;9214,000000;468,000000;7529,000000;2799,000000;10084,000000;0,000000;245,302200;871,000000;6245,000000;3552,000000;2841,000000;267,272727;4366,000000;160,000000;7220,000000;4060,630000;25,000000;6980,000000
4/14/2025;5737,000000;1635,000000;134,000000;198,000000;104,000000;125,000000;9141,000000;905,000000;2264,000000;12176,000000;3788,000000;8120,000000;332,000000;8975,000000;468,000000;7521,000000;2618,000000;10124,000000;0,000000;245,302200;918,000000;7227,000000;3829,000000;3098,000000;0,000000;4411,000000;160,000000;8812,000000;4060,630000;25,000000;6842,000000
4/15/2025;5672,000000;1635,000000;134,000000;198,000000;104,000000;125,000000;9252,000000;942,000000;2321,000000;12091,000000;3721,000000;8107,000000;353,000000;8442,000000;468,000000;7579,000000;2835,000000;9402,000000;0,000000;245,302200;842,000000;7972,000000;3882,000000;3507,000000;0,018182;4370,000000;160,000000;8805,000000;4060,630000;25,000000;6868,000000
4/16/2025;5609,000000;1635,000000;134,000000;198,000000;104,000000;122,000000;9257,323000;941,068000;2350,020000;12002,000000;3571,145688;8150,000000;352,000000;8442,000000;468,000000;7562,000000;2853,000000;10061,000000;0,000000;239,012400;879,000000;7589,000000;3665,000000;3482,000000;0,018182;4399,000000;160,000000;8786,000000;4060,630000;25,000000;6950,000000
4/17/2025;5618,000000;1635,000000;134,000000;198,000000;104,000000;122,000000;9020,832000;961,739000;2517,195000;11978,000000;3553,991996;8332,000000;369,000000;8975,000000;468,000000;7528,000000;2576,000000;10154,000000;0,000000;182,404200;858,000000;6740,000000;2949,000000;3468,000000;14,545455;4325,000000;160,000000;8795,000000;4060,630000;25,000000;6829,000000
4/18/2025;5570,000000;1635,000000;134,000000;198,000000;104,000000;122,000000;8842,694000;756,402000;2307,115000;12169,000000;3558,969240;8395,000000;370,000000;9057,000000;410,000000;7569,000000;2631,000000;10091,000000;0,000000;119,506200;854,000000;5457,000000;3191,000000;3471,000000;603,636364;4428,000000;160,000000;8735,000000;4060,630000;25,000000;6838,000000
4/19/2025;5702,000000;1635,000000;134,000000;198,000000;104,000000;122,000000;8827,318000;728,282000;2200,879000;12295,000000;3519,836572;8935,000000;371,000000;8777,000000;416,000000;7535,000000;2679,000000;10061,000000;0,000000;119,506200;699,000000;8012,000000;3570,000000;3469,000000;492,727273;4272,000000;160,000000;8729,000000;4060,630000;25,000000;6828,000000
4/20/2025;5758,000000;1635,000000;134,000000;198,000000;104,000000;122,000000;8923,728000;718,245000;2184,296000;12309,000000;3532,423160;8732,000000;373,000000;8955,000000;410,000000;7524,000000;3142,000000;10048,000000;0,000000;119,506200;828,000000;7279,000000;4054,000000;3441,000000;401,818182;4353,000000;160,000000;8750,000000;4060,630000;25,000000;6844,000000
4/21/2025;5632,000000;1635,000000;134,000000;198,000000;104,000000;122,000000;10138,000000;638,000000;1920,000000;12353,000000;3497,000000;9198,000000;517,000000;8604,000000;410,000000;7539,000000;3045,000000;9856,000000;0,000000;245,302200;875,000000;8103,000000;4106,000000;3216,000000;549,090909;4281,000000;160,000000;8286,000000;4060,630000;25,000000;6868,000000
4/22/2025;5813,000000;1635,000000;134,000000;198,000000;104,000000;122,000000;8904,000000;705,000000;2065,000000;12427,000000;3528,000000;8909,000000;541,000000;8755,000000;410,000000;7519,000000;3177,000000;10038,000000;0,000000;182,404200;858,000000;7976,000000;4026,000000;3435,000000;530,909091;4289,000000;160,000000;8911,000000;4060,630000;25,000000;6711,000000
4/23/2025;5692,000000;1635,000000;134,000000;198,000000;104,000000;122,000000;8740,648000;682,020000;2072,296000;12503,000000;3593,952233;8924,000000;482,000000;8886,000000;414,000000;7325,000000;3232,000000;10069,000000;0,000000;239,012400;880,000000;7918,000000;3913,000000;3426,000000;312,727273;4006,000000;160,000000;8854,000000;4060,630000;25,000000;6922,000000
4/24/2025;5697,000000;1635,000000;134,000000;198,000000;104,000000;122,000000;8523,037000;740,663000;1857,274000;12487,000000;3615,279862;8825,000000;483,000000;9031,000000;449,000000;7518,000000;3100,000000;10019,000000;0,000000;182,404200;864,000000;7940,000000;3965,000000;3412,000000;514,545455;4287,000000;160,000000;8809,000000;4060,630000;25,000000;6715,000000
4/25/2025;5712,000000;1635,000000;134,000000;198,000000;104,000000;122,000000;8725,000000;711,000000;1782,000000;12466,000000;3770,000000;8910,000000;399,000000;7212,000000;449,000000;7452,000000;2823,000000;10047,000000;0,000000;157,245000;850,000000;7904,000000;4006,000000;3409,000000;472,727273;4332,000000;160,000000;8694,000000;4060,630000;25,000000;6770,000000
4/26/2025;5701,000000;1635,000000;134,000000;198,000000;104,000000;122,000000;8437,715000;648,469000;1506,485000;12470,000000;3950,389692;8774,000000;389,000000;7526,000000;305,000000;7559,000000;2883,000000;9968,000000;0,000000;182,404200;856,000000;7916,000000;4220,000000;3305,000000;474,545455;4366,000000;160,000000;8608,000000;4060,630000;25,000000;6776,000000
4/27/2025;5697,000000;1635,000000;134,000000;198,000000;104,000000;122,000000;8627,522000;580,867000;1653,234000;12436,000000;3917,112163;8661,000000;367,000000;6445,000000;249,000000;7452,000000;2967,000000;9957,000000;0,000000;119,506200;843,000000;7746,000000;3867,000000;3311,000000;465,454545;4382,000000;160,000000;8728,000000;4060,630000;25,000000;6869,000000
4/28/2025;5673,000000;1635,000000;134,000000;198,000000;104,000000;122,000000;8469,000000;616,000000;1776,000000;12454,000000;3791,000000;8756,000000;356,000000;6467,000000;270,000000;7505,000000;2919,000000;9859,000000;0,000000;119,506200;868,000000;7748,000000;3938,000000;3316,000000;470,909091;4266,000000;160,000000;8748,000000;4060,630000;25,000000;6634,000000
4/29/2025;5716,000000;1635,000000;134,000000;198,000000;104,000000;122,000000;8629,000000;552,000000;1655,000000;12439,000000;3731,000000;8781,000000;325,000000;7320,000000;262,000000;7532,000000;2847,000000;9942,000000;0,000000;119,506200;848,000000;7931,000000;4035,000000;3310,000000;470,909091;4175,000000;160,000000;8729,000000;4071,900000;25,000000;6852,000000
4/30/2025;5653,000000;1635,000000;134,000000;198,000000;104,000000;122,000000;8524,000000;571,000000;1796,000000;12447,000000;3679,000000;8756,000000;248,000000;8205,000000;323,000000;7540,000000;2901,000000;9779,000000;7433,000000;119,506200;838,000000;7880,000000;3653,000000;3310,000000;472,727273;4175,000000;160,000000;8824,000000;4017,020000;25,000000;6634,000000
5/1/2025;5494,000000;1635,000000;134,000000;198,000000;104,000000;115,000000;8392,000000;528,000000;1828,000000;12142,000000;3611,000000;8849,000000;265,000000;8001,000000;323,000000;7568,000000;2853,000000;9761,000000;8831,000000;119,506200;835,000000;7764,000000;4125,000000;2744,000000;463,000000;5000,000000;164,000000;8998,000000;4025,840000;19,000000;6657,000000
5/2/2025;5778,000000;1635,000000;134,000000;198,000000;104,000000;115,000000;8348,000000;500,000000;1888,000000;12172,000000;3598,000000;8906,000000;194,000000;8131,000000;374,000000;7587,000000;2830,000000;9704,000000;8296,000000;119,506200;813,000000;7782,000000;3792,000000;2725,000000;463,000000;5259,000000;164,000000;10332,000000;4051,320000;28,500000;6879,000000
5/3/2025;5719,000000;1635,000000;134,000000;198,000000;104,000000;115,000000;8630,000000;605,000000;1850,000000;12441,000000;3719,000000;8674,000000;451,000000;8237,000000;394,000000;7592,000000;2799,000000;9778,000000;7989,000000;119,506200;748,000000;7753,000000;4085,000000;2685,000000;463,000000;4141,000000;164,000000;9684,000000;4051,810000;28,500000;6878,000000
5/4/2025;5778,000000;1635,000000;134,000000;198,000000;104,000000;115,000000;8568,000000;1797,000000;2165,000000;12435,000000;3499,000000;8760,000000;470,000000;8161,000000;491,000000;7584,000000;2775,000000;9666,000000;7844,000000;100,636800;769,000000;7763,000000;4050,000000;2690,000000;463,000000;4205,000000;164,000000;9962,000000;4047,890000;28,500000;6902,000000
5/5/2025;5789,000000;1635,000000;134,000000;198,000000;104,000000;115,000000;8502,000000;1522,000000;2073,000000;12421,000000;3500,000000;7906,000000;604,000000;7086,000000;396,000000;7550,000000;2739,000000;9658,000000;7813,000000;100,636800;833,000000;7750,000000;4071,000000;2693,000000;463,000000;4311,000000;164,000000;9676,000000;3955,280000;28,500000;6876,000000
5/6/2025;5784,000000;1635,000000;134,000000;198,000000;104,000000;115,000000;8604,796000;1302,786000;2497,630000;12403,000000;3930,347091;8922,000000;478,000000;8295,000000;396,000000;7535,000000;2991,000000;9733,000000;7751,000000;69,187800;833,000000;7770,000000;3845,000000;2744,000000;463,000000;4321,000000;164,000000;9621,000000;4045,440000;28,500000;6830,000000
5/7/2025;5719,000000;1635,000000;134,000000;198,000000;104,000000;115,000000;8610,069000;1177,639000;2488,335000;12409,000000;3821,447055;8906,000000;406,000000;8039,000000;359,000000;7580,000000;2925,000000;9796,000000;7725,000000;157,245000;833,000000;7747,000000;4181,000000;2756,000000;463,000000;4326,000000;164,000000;9545,000000;3916,080000;28,500000;6811,000000
5/8/2025;5737,000000;1635,000000;134,000000;198,000000;104,000000;115,000000;8589,331000;1145,280000;2518,848000;12420,000000;3821,956981;8949,000000;401,000000;8390,000000;381,000000;7529,000000;2883,000000;9702,000000;10776,000000;157,245000;833,000000;7517,000000;3779,000000;2752,000000;463,000000;4343,000000;164,000000;9525,000000;4042,500000;28,500000;6588,000000
5/9/2025;5729,000000;1635,000000;134,000000;198,000000;104,000000;115,000000;8484,000000;1074,000000;2453,000000;12376,000000;3751,000000;9151,000000;374,000000;8326,000000;392,000000;7529,000000;2956,000000;9714,000000;11541,000000;157,245000;833,000000;7213,000000;4065,000000;2757,000000;463,000000;4266,000000;164,000000;9432,000000;4041,030000;28,500000;6609,000000
5/10/2025;5781,000000;1635,000000;134,000000;198,000000;104,000000;115,000000;8392,000000;1134,000000;2472,000000;12338,000000;3688,000000;9009,000000;364,000000;8227,000000;392,000000;7529,000000;2931,000000;9687,000000;11692,000000;157,245000;833,000000;7324,000000;4226,000000;2751,000000;463,000000;4381,000000;164,000000;9618,000000;4042,990000;28,500000;6777,000000
5/11/2025;5719,000000;1635,000000;134,000000;198,000000;104,000000;115,000000;8248,772000;1089,242000;2358,251000;12320,000000;3713,807282;8853,000000;363,000000;8078,000000;379,000000;7519,000000;2907,000000;9602,000000;12538,000000;157,245000;833,000000;7273,000000;4206,000000;2744,000000;463,000000;4318,000000;164,000000;9404,000000;4043,480000;28,500000;6742,000000
5/12/2025;5797,000000;1635,000000;134,000000;198,000000;104,000000;115,000000;9331,264000;1016,901000;2723,966000;11382,000000;3725,402205;8947,000000;341,000000;8202,000000;379,000000;7515,000000;2877,000000;9716,000000;12934,000000;119,506200;833,000000;7025,000000;4081,000000;2950,000000;463,000000;4260,000000;164,000000;9294,000000;4045,440000;28,500000;6683,000000
5/13/2025;5685,000000;1635,000000;134,000000;198,000000;104,000000;115,000000;8875,000000;1079,000000;2779,000000;11359,000000;3675,000000;9004,000000;305,000000;8040,000000;381,000000;7475,000000;2841,000000;9734,000000;12914,000000;157,245000;846,000000;6734,000000;4653,000000;2950,000000;463,000000;4261,000000;164,000000;9295,000000;4047,400000;28,500000;6775,000000
5/14/2025;5734,000000;1635,000000;134,000000;198,000000;104,000000;115,000000;8580,000000;972,000000;2786,000000;11303,000000;3464,000000;9145,000000;218,000000;8038,000000;381,000000;7489,000000;2914,000000;9765,000000;12904,000000;163,534800;844,000000;7192,000000;3982,000000;3406,000000;463,000000;4433,000000;164,000000;9087,000000;4047,400000;28,500000;6560,000000
5/15/2025;5684,000000;1635,000000;134,000000;198,000000;104,000000;115,000000;8673,000000;1049,000000;3022,000000;11417,000000;3478,000000;9045,000000;475,000000;8496,000000;379,000000;7479,000000;2853,000000;9742,000000;13510,000000;157,245000;850,000000;7192,000000;4276,000000;3377,000000;463,000000;4398,000000;164,000000;9252,000000;4055,240000;28,500000;6703,000000
5/16/2025;5641,000000;1635,000000;134,000000;198,000000;104,000000;115,000000;9185,000000;1034,000000;2920,000000;11334,000000;3473,000000;8641,000000;560,000000;8323,000000;394,000000;7486,000000;2763,000000;9603,000000;13216,000000;207,563400;871,000000;7273,000000;4302,000000;3383,000000;638,181818;4404,000000;164,000000;9343,000000;4054,750000;28,500000;6812,000000
5/17/2025;5733,000000;1635,000000;134,000000;198,000000;104,000000;115,000000;8921,000000;953,000000;2691,000000;12672,000000;3493,000000;8811,000000;495,000000;8193,000000;411,000000;7482,000000;2865,000000;9721,000000;12070,000000;163,534800;859,000000;7302,000000;4315,000000;3367,000000;569,090909;4352,000000;164,000000;8928,000000;4053,770000;28,500000;6847,000000
5/18/2025;5769,000000;1635,000000;134,000000;198,000000;104,000000;115,000000;8803,000000;895,000000;2654,000000;12387,000000;3549,000000;8897,000000;461,000000;8407,000000;394,000000;7506,000000;3058,000000;9466,000000;12642,000000;100,636800;839,000000;7372,000000;4467,000000;3378,000000;561,818182;4376,000000;164,000000;8962,000000;4053,280000;28,500000;6873,000000
5/19/2025;5689,000000;1635,000000;134,000000;198,000000;104,000000;115,000000;8600,600000;843,626000;2439,940000;12413,000000;3530,834000;8984,346250;394,653750;8249,500000;398,000000;7506,000000;3058,000000;9466,000000;13539,000000;100,636800;801,000000;7413,000000;4290,400000;3377,000000;512,727273;3296,000000;164,000000;8775,000000;4047,400000;28,500000;6829,000000
5/20/2025;5727,000000;1635,000000;134,000000;198,000000;104,000000;115,000000;8434,084000;773,287000;2292,650000;12493,000000;3535,979000;8937,437500;342,562500;8294,000000;350,000000;7506,000000;2568,000000;9538,000000;13053,000000;100,636800;802,000000;7377,000000;4264,700000;3354,000000;312,727273;2901,000000;164,000000;9160,000000;4050,340000;28,500000;6847,000000
5/21/2025;5640,000000;1635,000000;134,000000;198,000000;104,000000;115,000000;8655,000000;772,000000;2359,000000;12616,000000;3814,979000;6667,000000;267,000000;7344,000000;390,000000;7406,000000;2757,000000;9738,000000;12458,000000;100,636800;802,000000;7427,000000;4242,000000;3358,000000;649,090909;2876,000000;164,000000;9544,000000;4058,180000;28,500000;6835,000000
5/22/2025;5747,000000;1635,000000;134,000000;198,000000;104,000000;115,000000;8620,343000;580,655000;1761,367000;10789,000000;3533,635000;4162,000000;162,000000;8404,500000;350,000000;7406,000000;3093,000000;9733,000000;12869,000000;106,926600;802,000000;7407,000000;4573,000000;3350,000000;578,181818;2992,000000;164,000000;9275,000000;4045,440000;28,500000;6866,000000
5/23/2025;5707,000000;1635,000000;134,000000;198,000000;104,000000;115,000000;8627,919000;669,717000;2119,401000;12636,000000;3706,963000;4316,473750;139,526250;8259,500000;366,000000;7484,000000;2655,000000;9689,000000;12955,000000;52,456932;802,000000;7426,000000;3889,000000;3355,000000;582,000000;2995,000000;164,000000;9199,000000;4046,910000;28,500000;6837,000000
5/24/2025;5680,000000;1635,000000;134,000000;198,000000;104,000000;115,000000;8645,475000;689,503000;2111,628000;12681,000000;3658,394000;8259,302500;90,697500;8896,500000;405,000000;7492,000000;2295,000000;8876,000000;12188,000000;52,456932;802,000000;7461,000000;4419,000000;3348,000000;572,000000;3516,000000;164,000000;9054,000000;4049,360000;28,500000;7040,000000
5/25/2025;5717,000000;1635,000000;134,000000;198,000000;104,000000;115,000000;8461,844000;650,465000;2132,888000;12627,000000;3626,803000;8632,312500;679,687500;8217,000000;409,000000;7453,000000;3250,000000;9488,000000;13356,000000;104,850966;802,000000;6418,000000;4321,000000;3351,000000;587,000000;2909,000000;164,000000;8791,000000;4044,460000;28,500000;7145,000000
5/26/2025;5606,000000;1635,000000;134,000000;198,000000;104,000000;115,000000;8380,576000;633,684000;2020,615000;12578,000000;3607,125000;8867,085000;612,915000;8317,000000;405,000000;7459,000000;3153,000000;9635,000000;14442,000000;104,850966;802,000000;7581,000000;4059,000000;3352,000000;587,272727;2843,000000;164,000000;8815,000000;4040,540000;28,500000;7056,000000
5/27/2025;5707,000000;1635,000000;134,000000;198,000000;104,000000;115,000000;8459,618000;669,902000;1745,743000;12558,000000;3604,737000;8747,591250;600,000000;7892,000000;395,000000;7496,000000;3087,000000;9566,000000;14759,000000;104,850966;802,000000;7461,000000;4360,000000;3346,000000;576,363636;2495,000000;164,000000;8824,000000;4043,970000;28,500000;7166,000000
5/28/2025;5680,000000;1635,000000;134,000000;198,000000;104,000000;115,000000;8385,000000;616,000000;1856,000000;12599,000000;3594,000000;8824,000000;516,000000;8809,000000;400,000000;7459,000000;2985,000000;9635,000000;14620,000000;104,850966;803,000000;7513,000000;4175,000000;3341,000000;576,363636;2834,000000;164,000000;8796,000000;4042,990000;28,500000;7315,000000
5/29/2025;5604,000000;1635,000000;134,000000;198,000000;104,000000;115,000000;8530,787000;491,702000;1687,098000;12672,000000;3636,413000;8896,021250;404,000000;8278,000000;400,000000;7476,000000;2973,000000;9581,000000;14680,000000;104,850966;803,000000;7265,000000;4275,000000;2968,000000;550,909091;3015,000000;164,000000;8758,000000;4042,990000;28,500000;7315,000000
5/30/2025;5614,000000;1635,000000;134,000000;198,000000;104,000000;115,000000;8521,872000;531,297000;1799,968000;12668,000000;3720,665445;8959,000000;387,000000;8555,000000;388,000000;7508,000000;2961,000000;9509,000000;14499,000000;113,216400;803,000000;7523,000000;4499,000000;2705,000000;556,363636;2957,000000;164,000000;9484,000000;4040,050000;28,500000;7470,000000
5/31/2025;5669,000000;1635,000000;134,000000;198,000000;104,000000;115,000000;8549,997000;561,822000;1964,123000;12674,000000;3761,635271;9035,000000;367,000000;7056,000000;289,000000;7478,000000;2937,000000;9530,000000;13836,000000;50,318400;803,000000;7442,000000;4114,000000;2712,000000;560,000000;3103,000000;164,000000;9805,000000;4038,090000;20,000000;7230,000000
6/1/2025;5634,000000;1635,000000;134,000000;198,000000;99,000000;105,000000;8549,997000;561,822000;1964,123000;12674,000000;3761,635271;8988,000000;341,000000;8510,000000;407,000000;7506,000000;2895,000000;9582,000000;14173,000000;37,738800;838,000000;7515,000000;4285,000000;2709,000000;554,545455;4100,000000;153,000000;9478,000000;4037,110000;43,000000;7358,000000
6/2/2025;5826,000000;1635,000000;134,000000;198,000000;99,000000;105,000000;8469,935000;501,382000;1771,693000;12657,000000;3587,646056;9191,000000;352,000000;8164,000000;400,000000;7479,000000;2835,000000;9487,000000;14012,000000;100,636800;865,000000;6614,000000;4592,000000;2709,000000;534,545455;3577,000000;153,000000;9334,000000;4026,330000;35,500000;7537,000000
6/3/2025;5854,000000;1635,000000;134,000000;198,000000;99,000000;105,000000;8495,480000;601,118000;2086,774000;12637,000000;3511,481800;9356,000000;344,000000;8033,000000;395,000000;7504,000000;2763,000000;9420,000000;14114,000000;75,477600;819,000000;3262,000000;4065,000000;2699,000000;345,454545;3220,000000;153,000000;9260,000000;4048,870000;35,500000;7442,000000
6/4/2025;5940,000000;1635,000000;134,000000;198,000000;99,000000;105,000000;8503,088000;676,880000;2173,775000;12621,000000;3530,747897;9202,000000;341,000000;8637,000000;412,000000;7495,000000;2830,000000;9518,000000;14072,000000;37,738800;748,000000;0,000000;4372,000000;2687,000000;550,909091;3265,000000;153,000000;9220,000000;4048,870000;35,500000;7267,000000
6/5/2025;5911,000000;1635,000000;134,000000;198,000000;99,000000;105,000000;8395,190000;625,686000;1867,042000;12609,000000;3634,403734;8779,000000;341,000000;8299,000000;398,000000;7451,000000;2841,000000;9525,000000;14270,000000;37,738800;779,000000;0,000000;4275,000000;2685,000000;552,727273;3226,000000;153,000000;9216,000000;4047,400000;35,500000;7339,000000
6/6/2025;5917,000000;1635,000000;134,000000;198,000000;99,000000;105,000000;8521,000000;671,000000;1919,000000;12602,000000;3704,000000;8915,000000;324,000000;8712,000000;414,000000;6606,000000;2799,000000;9457,000000;14022,000000;75,477600;825,000000;0,000000;4226,000000;2689,000000;563,636364;3285,000000;153,000000;9330,000000;4056,220000;35,500000;7238,000000
6/7/2025;5914,000000;1635,000000;134,000000;198,000000;99,000000;105,000000;8407,000000;670,000000;1862,000000;12607,000000;3688,000000;8904,000000;307,000000;8708,000000;410,000000;6691,000000;2793,000000;9330,000000;14781,000000;75,477600;787,000000;0,000000;4283,000000;2691,000000;561,818182;3261,000000;153,000000;9162,000000;4041,520000;35,500000;7133,000000
6/8/2025;5918,000000;1635,000000;134,000000;198,000000;99,000000;105,000000;8314,000000;694,000000;1780,000000;12600,000000;3633,000000;9009,000000;338,000000;9092,000000;440,000000;6630,000000;2637,000000;9317,000000;14578,000000;113,216400;828,000000;0,000000;4261,000000;2693,000000;534,545455;3224,000000;153,000000;8808,000000;4047,400000;35,500000;6945,000000
6/9/2025;5914,000000;1635,000000;134,000000;198,000000;99,000000;105,000000;8438,193000;710,713000;1959,165000;12592,000000;3547,305221;8775,000000;332,000000;9274,000000;414,000000;6679,000000;2727,000000;9343,000000;14513,000000;81,767400;828,000000;0,000000;4664,000000;2695,000000;554,545455;3659,000000;153,000000;9445,000000;4015,060000;35,500000;6983,000000
6/10/2025;5904,000000;1635,000000;134,000000;198,000000;99,000000;105,000000;8459,000000;695,000000;1955,000000;12575,000000;3524,000000;8796,000000;336,000000;9077,000000;402,000000;7122,000000;2823,000000;10030,000000;13356,000000;62,898000;828,000000;0,000000;4136,000000;2691,000000;572,727273;4135,000000;153,000000;8920,000000;3923,430000;35,500000;7009,000000
6/11/2025;5793,000000;1635,000000;134,000000;198,000000;99,000000;105,000000;9865,417000;660,371000;1851,420000;12605,000000;3512,357538;8971,000000;332,000000;9536,000000;404,000000;5226,000000;2721,000000;10026,000000;14614,000000;106,926600;828,000000;0,000000;4246,000000;2689,000000;561,818182;3312,000000;153,000000;9088,000000;4041,520000;35,500000;7029,000000
6/12/2025;5813,000000;1635,000000;134,000000;198,000000;99,000000;105,000000;8379,741000;706,716000;1998,197000;12582,000000;3549,021349;8955,000000;351,000000;8497,000000;396,000000;5802,000000;2631,000000;10107,000000;14785,000000;0,000000;828,000000;0,000000;4283,000000;2689,000000;612,727273;3249,000000;153,000000;8882,000000;4044,460000;35,500000;6786,000000
6/13/2025;5747,000000;1635,000000;134,000000;198,000000;99,000000;105,000000;8452,000000;696,000000;1990,000000;12589,000000;3540,000000;8958,000000;344,000000;9068,000000;384,000000;6686,000000;2529,000000;9777,000000;14444,000000;62,898000;828,000000;0,000000;4273,000000;3012,000000;452,727273;3254,000000;153,000000;8774,000000;4044,950000;35,500000;7078,000000
6/14/2025;5758,000000;1635,000000;134,000000;198,000000;99,000000;105,000000;8268,000000;671,000000;1920,000000;12607,000000;3535,000000;8955,000000;351,000000;9214,000000;394,000000;6746,000000;2553,000000;9410,000000;14557,000000;106,926600;828,000000;0,000000;4236,000000;3224,000000;572,727273;3301,000000;153,000000;8940,000000;4045,440000;35,500000;7170,000000
6/15/2025;5817,000000;1635,000000;134,000000;198,000000;99,000000;105,000000;8277,534000;705,532000;1893,128000;12596,000000;3534,325602;9117,000000;358,000000;8424,000000;367,000000;7239,000000;2529,000000;9727,000000;15030,000000;21,385320;828,000000;0,000000;4178,000000;3401,000000;554,545455;3315,000000;153,000000;9406,000000;4050,340000;35,500000;7228,462400
6/16/2025;5795,000000;1635,000000;134,000000;198,000000;99,000000;105,000000;8220,000000;731,000000;1868,000000;12593,000000;3499,000000;8947,000000;363,000000;8089,000000;309,000000;7402,000000;2589,000000;9591,000000;15155,000000;21,385320;828,000000;0,000000;4515,000000;3382,000000;532,727273;3283,000000;153,000000;9115,000000;4043,970000;35,500000;7115,011600
6/17/2025;5814,000000;1635,000000;134,000000;198,000000;99,000000;105,000000;8347,000000;714,000000;1761,000000;12589,000000;3492,000000;8968,000000;357,000000;8637,000000;396,000000;7429,000000;2589,000000;9616,000000;15322,000000;69,187800;828,000000;0,000000;4082,000000;3264,000000;358,181818;3275,000000;153,000000;9285,000000;4043,480000;35,500000;7122,418400
6/18/2025;5820,000000;1635,000000;134,000000;198,000000;99,000000;105,000000;8235,072000;686,948000;1685,324000;12571,000000;3523,698791;8932,000000;375,000000;8797,000000;369,000000;7412,000000;2534,000000;9720,000000;15163,000000;81,767400;828,000000;0,000000;4264,000000;3202,000000;534,545455;3310,000000;153,000000;9120,000000;4044,460000;35,500000;7004,759600
6/19/2025;5842,000000;1635,000000;134,000000;198,000000;99,000000;105,000000;8706,482000;658,088000;1609,808000;12568,000000;3464,152664;8932,000000;368,000000;7832,500000;429,000000;7410,000000;2505,000000;9659,000000;14198,000000;106,926600;828,000000;0,000000;4420,000000;3219,000000;561,818182;3282,000000;153,000000;8532,000000;4044,950000;35,500000;7153,610800
6/20/2025;5810,000000;1635,000000;134,000000;198,000000;99,000000;105,000000;8511,264000;657,000000;1606,000000;12566,000000;3471,341000;8821,807500;385,192500;7483,000000;393,000000;7031,000000;2445,000000;9814,000000;14667,000000;88,057200;828,000000;557,000000;4076,000000;3228,000000;561,818182;4206,000000;153,000000;9012,000000;4047,400000;35,500000;6979,661200
6/21/2025;5833,000000;1635,000000;134,000000;198,000000;99,000000;105,000000;8615,148000;669,200000;1546,825000;12675,000000;3471,827000;8458,400500;351,262500;8044,000000;361,000000;7205,000000;2492,000000;9787,000000;14667,000000;88,057200;828,000000;4831,000000;4256,000000;3237,000000;518,181818;4310,000000;153,000000;9362,000000;3959,200000;35,500000;6935,000000
6/22/2025;5819,000000;1635,000000;134,000000;198,000000;99,000000;105,000000;8605,863000;638,352000;1400,258000;12623,000000;3441,527000;8868,740000;433,260000;8614,500000;369,000000;7412,000000;2421,000000;9760,000000;14306,000000;1,132164;828,000000;10091,000000;4267,000000;3233,000000;518,181818;3266,000000;153,000000;9393,000000;4033,190000;35,500000;6860,000000
6/23/2025;5794,000000;1635,000000;134,000000;198,000000;99,000000;105,000000;8313,000000;638,352000;1473,000000;12648,000000;3530,000000;8868,740000;362,000000;8586,000000;385,000000;7415,000000;2408,000000;9715,000000;14652,000000;1,132164;828,000000;8108,000000;4050,000000;3230,000000;520,000000;3307,000000;153,000000;5495,000000;4034,170000;35,500000;6907,000000
6/24/2025;5815,000000;1635,000000;134,000000;198,000000;99,000000;105,000000;8363,000000;659,000000;1455,000000;12641,000000;3483,000000;8953,000000;362,000000;8958,000000;388,000000;7407,000000;2264,000000;9440,000000;15349,000000;1,132164;828,000000;8393,000000;4174,000000;3224,000000;518,181818;3307,000000;153,000000;6810,000000;4034,170000;35,500000;6966,000000
6/25/2025;5825,000000;1635,000000;134,000000;198,000000;99,000000;105,000000;8569,225000;616,842000;1439,609000;12646,000000;3495,576764;8750,000000;362,000000;8445,000000;398,000000;7412,000000;2547,000000;9463,000000;15321,000000;21,385320;828,000000;8160,000000;4489,000000;3217,000000;543,636364;3272,000000;153,000000;5636,000000;4040,540000;35,500000;6972,000000
6/26/2025;5824,000000;1635,000000;134,000000;198,000000;99,000000;105,000000;8526,143000;607,919000;1415,986000;12641,000000;3504,110388;8354,000000;374,000000;8710,000000;397,000000;7378,000000;2859,000000;9655,000000;14026,000000;88,057200;828,000000;8034,000000;3969,000000;3208,000000;536,363636;3289,000000;153,000000;3737,000000;4041,520000;35,500000;6907,000000
6/27/2025;5811,000000;1635,000000;134,000000;198,000000;99,000000;105,000000;8505,066000;615,597000;1467,205000;12620,000000;3482,058037;6805,000000;374,000000;8288,000000;353,000000;7385,000000;3099,000000;9676,000000;14503,000000;88,057200;828,000000;7844,000000;4374,000000;3197,000000;536,363636;3294,000000;153,000000;3959,000000;4041,030000;35,500000;6875,000000
6/28/2025;5817,000000;1635,000000;134,000000;198,000000;99,000000;105,000000;8384,578000;595,922000;1477,564000;12626,000000;3489,872178;6978,000000;402,000000;8788,000000;429,000000;7364,000000;2985,000000;9771,000000;15687,000000;44,028600;828,000000;7756,000000;3908,000000;3165,000000;532,727273;3293,000000;153,000000;3331,000000;4041,520000;35,500000;7003,000000
6/29/2025;5920,000000;1635,000000;134,000000;198,000000;99,000000;105,000000;8437,633000;617,781000;1561,693000;12616,000000;3502,312552;8026,000000;419,000000;8253,000000;438,000000;7382,000000;3021,000000;9558,000000;14623,000000;62,898000;828,000000;7660,000000;4203,000000;3129,000000;525,454545;3296,000000;153,000000;2060,000000;4040,540000;35,500000;7003,000000
6/30/2025;5922,000000;1635,000000;134,000000;198,000000;99,000000;105,000000;8370,793000;580,141000;1600,831000;12596,000000;3500,688926;8846,000000;372,000000;8796,000000;419,000000;7392,000000;3105,000000;9604,000000;15012,000000;44,028600;828,000000;7667,000000;3991,000000;3135,000000;514,545455;3299,000000;153,000000;2060,000000;4041,520000;35,500000;7003,000000
7/1/2025;5921,000000;1635,000000;134,000000;198,000000;104,000000;100,000000;8286,194000;585,417000;1615,389000;12626,000000;3496,864253;8937,000000;373,000000;8253,000000;438,000000;7210,000000;3058,000000;9617,000000;16398,000000;0,000000;828,000000;7402,000000;3941,000000;3146,000000;325,454545;3320,000000;139,000000;2386,000000;4040,540000;35,500000;7003,000000